{"Version":1,"ManifestType":"Publish","Endpoints":[{"Route":"carsimage/a9b33f00-8c62-418b-a356-675f89de3d57_unnamed-56-750x430.dhy3hg6ygf.jpg","AssetFile":"carsimage/a9b33f00-8c62-418b-a356-675f89de3d57_unnamed-56-750x430.jpg","Selectors":[],"ResponseHeaders":[{"Name":"Accept-Ranges","Value":"bytes"},{"Name":"Cache-Control","Value":"max-age=31536000, immutable"},{"Name":"Content-Length","Value":"44160"},{"Name":"Content-Type","Value":"image/jpeg"},{"Name":"ETag","Value":"\"UaILn/w5A3x8mHIl1/n/FRzsT3xfDyenhpBU85B6jDQ=\""},{"Name":"Last-Modified","Value":"Sat, 13 Dec 2025 05:38:20 GMT"}],"EndpointProperties":[{"Name":"fingerprint","Value":"dhy3hg6ygf"},{"Name":"integrity","Value":"sha256-UaILn/w5A3x8mHIl1/n/FRzsT3xfDyenhpBU85B6jDQ="},{"Name":"label","Value":"carsimage/a9b33f00-8c62-418b-a356-675f89de3d57_unnamed-56-750x430.jpg"}]},{"Route":"carsimage/a9b33f00-8c62-418b-a356-675f89de3d57_unnamed-56-750x430.jpg","AssetFile":"carsimage/a9b33f00-8c62-418b-a356-675f89de3d57_unnamed-56-750x430.jpg","Selectors":[],"ResponseHeaders":[{"Name":"Accept-Ranges","Value":"bytes"},{"Name":"Cache-Control","Value":"no-cache"},{"Name":"Content-Length","Value":"44160"},{"Name":"Content-Type","Value":"image/jpeg"},{"Name":"ETag","Value":"\"UaILn/w5A3x8mHIl1/n/FRzsT3xfDyenhpBU85B6jDQ=\""},{"Name":"Last-Modified","Value":"Sat, 13 Dec 2025 05:38:20 GMT"}],"EndpointProperties":[{"Name":"integrity","Value":"sha256-UaILn/w5A3x8mHIl1/n/FRzsT3xfDyenhpBU85B6jDQ="}]}]}